<?xml version="1.0" encoding="UTF-8"?>
<schema xmlns="http://geonetwork-opensource.org/schemas/schema-ident"
        xmlns:xsi="http://www.w3.org/2001/XMLSchema-instance"
        xsi:schemaLocation="http://geonetwork-opensource.org/schemas/schema-ident http://geonetwork-opensource.org/schemas/schema-ident/schema-ident.xsd">

    <name>iso19139.eamp</name>
    <id>9e515100-2200-11df-8626-g35151002209</id>
    <version>1.1</version>
    <depends>iso19139</depends>
    <depends>iso19139.gemini22</depends>
    <schemaLocation>http://www.isotc211.org/2005/gmd http://www.isotc211.org/2005/gmd/gmd.xsd http://www.isotc211.org/2005/srv http://schemas.opengis.net/iso/19139/20060504/srv/srv.xsd</schemaLocation>
    <autodetect xmlns:eamp="http://environment.data.gov.uk/eamp">
        <elements>
            <gmd:metadataStandardName>
                <gco:CharacterString>Environment Agency Metadata Profile</gco:CharacterString>
            </gmd:metadataStandardName>
            <gmd:metadataStandardVersion>
                <gco:CharacterString>1.1</gco:CharacterString>
            </gmd:metadataStandardVersion>
        </elements>
    </autodetect>
</schema>
